obesity_rate,underweight,healthy_weight,overweight,obese,very_obese,av_bmi_decrease_of_targeted,av_weight_decrease_of_targeted,kcal
0.23,0.01,0.62,0.14,0.17,0.05,NA,NA,0
0.23,0.02,0.62,0.14,0.17,0.05,0.02,0.04,1
0.23,0.02,0.62,0.14,0.17,0.05,0.04,0.08,2
0.22,0.02,0.62,0.14,0.17,0.05,0.06,0.13,3
0.22,0.02,0.62,0.14,0.17,0.05,0.08,0.17,4
0.22,0.02,0.62,0.14,0.17,0.05,0.10,0.21,5
0.22,0.02,0.62,0.14,0.17,0.05,0.12,0.25,6
0.22,0.02,0.62,0.14,0.17,0.05,0.14,0.29,7
0.22,0.02,0.63,0.14,0.17,0.05,0.16,0.33,8
0.22,0.02,0.63,0.13,0.17,0.05,0.18,0.38,9
0.22,0.02,0.63,0.13,0.17,0.05,0.20,0.42,10
0.22,0.02,0.63,0.13,0.17,0.05,0.22,0.46,11
0.22,0.02,0.63,0.13,0.17,0.05,0.24,0.50,12
0.22,0.03,0.63,0.13,0.17,0.05,0.26,0.54,13
0.21,0.03,0.63,0.13,0.16,0.05,0.28,0.58,14
0.21,0.03,0.63,0.13,0.16,0.05,0.30,0.63,15
0.21,0.03,0.63,0.13,0.16,0.05,0.32,0.67,16
0.21,0.03,0.63,0.13,0.16,0.05,0.34,0.71,17
0.21,0.03,0.63,0.13,0.16,0.05,0.36,0.75,18
0.21,0.03,0.63,0.13,0.16,0.05,0.38,0.79,19
0.21,0.03,0.63,0.13,0.16,0.05,0.40,0.83,20
0.21,0.03,0.63,0.13,0.16,0.05,0.42,0.88,21
0.21,0.04,0.63,0.13,0.16,0.05,0.44,0.92,22
0.21,0.04,0.63,0.12,0.16,0.05,0.46,0.96,23
0.21,0.04,0.63,0.12,0.16,0.05,0.48,1.00,24
0.21,0.04,0.63,0.12,0.16,0.05,0.50,1.04,25
0.21,0.04,0.63,0.12,0.16,0.05,0.52,1.08,26
0.20,0.04,0.63,0.12,0.16,0.05,0.54,1.13,27
0.20,0.04,0.63,0.12,0.15,0.05,0.56,1.17,28
0.20,0.04,0.63,0.12,0.15,0.05,0.58,1.21,29
0.20,0.05,0.63,0.12,0.15,0.05,0.60,1.25,30
0.20,0.05,0.63,0.12,0.15,0.05,0.62,1.29,31
0.20,0.05,0.64,0.12,0.15,0.05,0.64,1.33,32
0.20,0.05,0.64,0.12,0.15,0.05,0.66,1.38,33
0.20,0.05,0.64,0.12,0.15,0.05,0.68,1.42,34
0.19,0.05,0.64,0.12,0.15,0.05,0.70,1.46,35
0.19,0.05,0.64,0.12,0.15,0.05,0.72,1.50,36
0.19,0.06,0.64,0.12,0.15,0.05,0.74,1.54,37
0.19,0.06,0.63,0.12,0.15,0.04,0.76,1.59,38
0.19,0.06,0.63,0.12,0.15,0.04,0.78,1.63,39
0.19,0.06,0.64,0.12,0.15,0.04,0.80,1.67,40
0.19,0.06,0.64,0.11,0.15,0.04,0.82,1.71,41
0.19,0.06,0.64,0.11,0.15,0.04,0.84,1.75,42
0.19,0.06,0.64,0.11,0.14,0.04,0.86,1.79,43
0.19,0.07,0.64,0.11,0.14,0.04,0.88,1.84,44
0.18,0.07,0.64,0.11,0.14,0.04,0.90,1.88,45
0.18,0.07,0.64,0.11,0.14,0.04,0.92,1.92,46
0.18,0.07,0.64,0.11,0.14,0.04,0.94,1.96,47
0.18,0.07,0.63,0.11,0.14,0.04,0.96,2.00,48
0.18,0.07,0.64,0.11,0.14,0.04,0.98,2.04,49
0.18,0.08,0.63,0.11,0.14,0.04,1.00,2.09,50
0.18,0.08,0.63,0.11,0.14,0.04,1.02,2.13,51
0.18,0.08,0.63,0.11,0.14,0.04,1.04,2.17,52
0.18,0.08,0.63,0.11,0.14,0.04,1.06,2.21,53
0.18,0.08,0.63,0.11,0.14,0.04,1.07,2.25,54
0.18,0.08,0.64,0.11,0.14,0.04,1.09,2.29,55
0.18,0.08,0.64,0.11,0.14,0.04,1.11,2.34,56
0.18,0.09,0.63,0.11,0.14,0.04,1.13,2.38,57
0.17,0.09,0.63,0.10,0.14,0.04,1.15,2.42,58
0.17,0.09,0.63,0.10,0.13,0.04,1.17,2.46,59
0.17,0.10,0.63,0.10,0.13,0.04,1.19,2.50,60
0.17,0.10,0.63,0.10,0.13,0.04,1.21,2.54,61
0.17,0.10,0.63,0.10,0.13,0.04,1.23,2.59,62
0.17,0.10,0.63,0.10,0.13,0.04,1.25,2.63,63
0.17,0.10,0.63,0.10,0.13,0.04,1.27,2.67,64
0.17,0.10,0.63,0.10,0.13,0.04,1.29,2.71,65
0.17,0.10,0.63,0.10,0.13,0.04,1.31,2.75,66
0.17,0.11,0.62,0.10,0.13,0.04,1.33,2.79,67
0.17,0.11,0.62,0.10,0.13,0.04,1.35,2.84,68
0.17,0.11,0.62,0.10,0.13,0.04,1.37,2.88,69
0.17,0.11,0.62,0.10,0.13,0.04,1.39,2.92,70
0.17,0.12,0.62,0.10,0.13,0.04,1.41,2.96,71
0.16,0.12,0.62,0.10,0.13,0.04,1.43,3.00,72
0.16,0.12,0.62,0.10,0.13,0.04,1.45,3.04,73
0.16,0.12,0.62,0.10,0.13,0.04,1.47,3.09,74
0.16,0.13,0.61,0.10,0.13,0.04,1.49,3.13,75
0.16,0.13,0.61,0.10,0.13,0.04,1.51,3.17,76
0.16,0.13,0.61,0.10,0.13,0.04,1.53,3.21,77
0.16,0.13,0.61,0.10,0.12,0.04,1.55,3.25,78
0.16,0.13,0.61,0.10,0.12,0.04,1.57,3.30,79
0.16,0.14,0.61,0.10,0.12,0.04,1.59,3.34,80
0.16,0.14,0.61,0.09,0.12,0.04,1.61,3.38,81
0.16,0.14,0.61,0.09,0.12,0.04,1.63,3.42,82
0.16,0.15,0.60,0.09,0.12,0.04,1.65,3.46,83
0.16,0.15,0.60,0.09,0.12,0.03,1.67,3.50,84
0.15,0.15,0.60,0.10,0.12,0.03,1.69,3.55,85
0.15,0.15,0.60,0.09,0.12,0.03,1.71,3.59,86
0.15,0.16,0.60,0.09,0.12,0.03,1.73,3.63,87
0.15,0.16,0.60,0.09,0.12,0.03,1.75,3.67,88
0.15,0.16,0.59,0.09,0.12,0.03,1.77,3.71,89
0.15,0.16,0.59,0.09,0.12,0.03,1.79,3.75,90
0.15,0.17,0.59,0.09,0.12,0.03,1.81,3.80,91
0.15,0.17,0.59,0.09,0.11,0.03,1.83,3.84,92
0.15,0.17,0.59,0.09,0.11,0.03,1.85,3.88,93
0.15,0.18,0.59,0.09,0.11,0.03,1.87,3.92,94
0.15,0.18,0.59,0.09,0.11,0.03,1.89,3.96,95
0.15,0.18,0.58,0.09,0.11,0.03,1.91,4.00,96
0.14,0.18,0.58,0.09,0.11,0.03,1.93,4.05,97
0.14,0.19,0.58,0.09,0.11,0.03,1.95,4.09,98
0.14,0.19,0.58,0.09,0.11,0.03,1.97,4.13,99
0.14,0.19,0.58,0.09,0.11,0.03,1.99,4.17,100
0.14,0.19,0.58,0.09,0.11,0.03,2.01,4.21,101
0.14,0.20,0.57,0.09,0.11,0.03,2.03,4.25,102
0.14,0.20,0.57,0.09,0.11,0.03,2.05,4.30,103
0.14,0.20,0.57,0.09,0.11,0.03,2.07,4.34,104
0.14,0.21,0.57,0.09,0.11,0.03,2.09,4.38,105
0.14,0.21,0.57,0.09,0.11,0.03,2.11,4.42,106
0.14,0.21,0.56,0.09,0.11,0.03,2.13,4.46,107
0.14,0.21,0.56,0.09,0.11,0.03,2.15,4.50,108
0.14,0.22,0.56,0.09,0.11,0.03,2.17,4.55,109
0.14,0.22,0.56,0.09,0.11,0.03,2.19,4.59,110
0.14,0.22,0.56,0.09,0.11,0.03,2.21,4.63,111
0.13,0.22,0.56,0.09,0.11,0.03,2.23,4.67,112
0.13,0.22,0.56,0.09,0.10,0.03,2.25,4.71,113
0.13,0.23,0.55,0.09,0.10,0.03,2.27,4.76,114
0.13,0.23,0.55,0.09,0.10,0.03,2.29,4.80,115
0.13,0.23,0.55,0.09,0.10,0.03,2.31,4.84,116
0.13,0.23,0.55,0.09,0.10,0.03,2.33,4.88,117
0.13,0.23,0.55,0.09,0.10,0.03,2.35,4.92,118
0.13,0.24,0.55,0.09,0.10,0.03,2.37,4.96,119
0.13,0.24,0.55,0.08,0.10,0.03,2.39,5.01,120
0.13,0.24,0.54,0.08,0.10,0.03,2.41,5.05,121
0.13,0.25,0.54,0.08,0.10,0.03,2.43,5.09,122
0.13,0.25,0.54,0.08,0.10,0.03,2.45,5.13,123
0.13,0.25,0.54,0.08,0.10,0.03,2.47,5.17,124
0.13,0.26,0.53,0.08,0.10,0.03,2.49,5.21,125
0.13,0.26,0.53,0.08,0.10,0.03,2.51,5.26,126
0.12,0.26,0.53,0.08,0.10,0.03,2.53,5.30,127
0.12,0.26,0.53,0.08,0.10,0.03,2.55,5.34,128
0.12,0.27,0.53,0.08,0.10,0.03,2.57,5.38,129
0.12,0.27,0.53,0.08,0.09,0.03,2.59,5.42,130
0.12,0.27,0.53,0.08,0.09,0.03,2.61,5.46,131
0.12,0.27,0.52,0.08,0.09,0.03,2.63,5.51,132
0.12,0.28,0.52,0.08,0.09,0.03,2.65,5.55,133
0.12,0.28,0.52,0.08,0.09,0.03,2.67,5.59,134
0.12,0.28,0.52,0.08,0.09,0.03,2.69,5.63,135
0.12,0.28,0.52,0.08,0.09,0.03,2.71,5.67,136
0.12,0.29,0.52,0.08,0.09,0.03,2.73,5.71,137
0.12,0.29,0.51,0.08,0.09,0.03,2.75,5.76,138
0.12,0.29,0.51,0.08,0.09,0.03,2.77,5.80,139
0.12,0.29,0.51,0.08,0.09,0.03,2.79,5.84,140
0.12,0.30,0.51,0.08,0.09,0.03,2.81,5.88,141
0.11,0.30,0.50,0.08,0.09,0.03,2.83,5.92,142
0.11,0.30,0.50,0.08,0.09,0.03,2.85,5.96,143
0.11,0.31,0.50,0.08,0.09,0.03,2.87,6.01,144
0.11,0.31,0.50,0.08,0.09,0.03,2.89,6.05,145
0.11,0.31,0.50,0.08,0.09,0.03,2.91,6.09,146
0.11,0.32,0.50,0.08,0.09,0.03,2.93,6.13,147
0.11,0.32,0.50,0.08,0.09,0.03,2.95,6.17,148
0.11,0.32,0.50,0.08,0.08,0.03,2.97,6.21,149
0.11,0.32,0.49,0.08,0.08,0.03,2.99,6.26,150
0.11,0.32,0.49,0.08,0.08,0.03,3.01,6.30,151
0.11,0.33,0.49,0.08,0.08,0.03,3.03,6.34,152
0.11,0.33,0.49,0.08,0.08,0.03,3.05,6.38,153
0.11,0.33,0.48,0.08,0.08,0.03,3.07,6.42,154
0.11,0.33,0.48,0.08,0.08,0.03,3.09,6.47,155
0.11,0.34,0.48,0.08,0.08,0.03,3.11,6.51,156
0.11,0.34,0.48,0.08,0.08,0.03,3.13,6.55,157
0.11,0.34,0.48,0.08,0.08,0.03,3.15,6.59,158
0.10,0.35,0.47,0.08,0.08,0.03,3.17,6.63,159
0.10,0.35,0.47,0.08,0.08,0.03,3.19,6.67,160
0.10,0.35,0.47,0.08,0.08,0.02,3.20,6.72,161
0.10,0.35,0.47,0.08,0.08,0.02,3.22,6.76,162
0.10,0.36,0.47,0.08,0.08,0.02,3.24,6.80,163
0.10,0.36,0.46,0.07,0.08,0.02,3.26,6.84,164
0.10,0.36,0.46,0.07,0.08,0.02,3.28,6.88,165
0.10,0.37,0.46,0.07,0.08,0.02,3.30,6.92,166
0.10,0.37,0.46,0.07,0.08,0.02,3.32,6.97,167
0.10,0.37,0.46,0.07,0.08,0.02,3.34,7.01,168
0.10,0.37,0.46,0.07,0.08,0.02,3.36,7.05,169
0.10,0.37,0.46,0.07,0.08,0.02,3.38,7.09,170
0.10,0.38,0.46,0.07,0.08,0.02,3.40,7.13,171
0.10,0.38,0.45,0.07,0.07,0.02,3.42,7.17,172
0.10,0.38,0.45,0.07,0.07,0.02,3.44,7.22,173
0.10,0.38,0.45,0.07,0.07,0.02,3.46,7.26,174
0.10,0.39,0.45,0.07,0.07,0.02,3.48,7.30,175
0.10,0.39,0.45,0.07,0.07,0.02,3.50,7.34,176
0.09,0.39,0.45,0.07,0.07,0.02,3.52,7.38,177
0.09,0.39,0.44,0.07,0.07,0.02,3.54,7.42,178
0.09,0.40,0.44,0.07,0.07,0.02,3.56,7.47,179
0.09,0.40,0.44,0.07,0.07,0.02,3.58,7.51,180
0.09,0.40,0.44,0.07,0.07,0.02,3.60,7.55,181
0.09,0.41,0.43,0.07,0.07,0.02,3.62,7.59,182
0.09,0.41,0.43,0.07,0.07,0.02,3.64,7.63,183
0.09,0.41,0.43,0.07,0.07,0.02,3.66,7.67,184
0.09,0.41,0.43,0.07,0.07,0.02,3.68,7.72,185
0.09,0.41,0.43,0.07,0.07,0.02,3.70,7.76,186
0.09,0.41,0.43,0.07,0.07,0.02,3.72,7.80,187
0.09,0.42,0.42,0.07,0.07,0.02,3.74,7.84,188
0.09,0.42,0.42,0.07,0.07,0.02,3.76,7.88,189
0.09,0.42,0.42,0.07,0.07,0.02,3.78,7.93,190
0.09,0.42,0.42,0.07,0.07,0.02,3.80,7.97,191
0.09,0.43,0.42,0.07,0.07,0.02,3.82,8.01,192
0.09,0.43,0.42,0.07,0.06,0.02,3.84,8.05,193
0.09,0.43,0.42,0.07,0.06,0.02,3.86,8.09,194
0.09,0.43,0.42,0.07,0.06,0.02,3.88,8.13,195
0.08,0.43,0.41,0.07,0.06,0.02,3.90,8.18,196
0.08,0.44,0.41,0.07,0.06,0.02,3.92,8.22,197
0.08,0.44,0.41,0.07,0.06,0.02,3.94,8.26,198
0.08,0.44,0.41,0.07,0.06,0.02,3.96,8.30,199
0.08,0.44,0.41,0.07,0.06,0.02,3.98,8.34,200
0.08,0.45,0.40,0.07,0.06,0.02,4.00,8.38,201
0.08,0.45,0.40,0.07,0.06,0.02,4.02,8.43,202
0.08,0.45,0.40,0.07,0.06,0.02,4.04,8.47,203
0.08,0.45,0.40,0.07,0.06,0.02,4.06,8.51,204
0.08,0.45,0.40,0.07,0.06,0.02,4.08,8.55,205
0.08,0.46,0.40,0.07,0.06,0.02,4.10,8.59,206
0.08,0.46,0.39,0.07,0.06,0.02,4.12,8.63,207
0.08,0.46,0.39,0.06,0.06,0.02,4.14,8.68,208
0.08,0.46,0.39,0.07,0.06,0.02,4.16,8.72,209
0.08,0.47,0.39,0.06,0.06,0.02,4.18,8.76,210
0.08,0.47,0.38,0.07,0.06,0.02,4.20,8.80,211
0.08,0.47,0.38,0.06,0.06,0.02,4.22,8.84,212
0.08,0.48,0.38,0.06,0.06,0.02,4.24,8.88,213
0.08,0.48,0.38,0.06,0.06,0.02,4.26,8.93,214
0.08,0.48,0.38,0.06,0.06,0.02,4.28,8.97,215
0.08,0.48,0.37,0.06,0.06,0.02,4.30,9.01,216
0.08,0.49,0.37,0.06,0.06,0.02,4.32,9.05,217
0.08,0.49,0.37,0.06,0.06,0.02,4.34,9.09,218
0.08,0.49,0.37,0.06,0.06,0.02,4.36,9.13,219
0.08,0.49,0.37,0.06,0.06,0.02,4.38,9.18,220
0.08,0.50,0.37,0.06,0.06,0.02,4.40,9.22,221
0.08,0.50,0.37,0.06,0.06,0.02,4.42,9.26,222
0.08,0.50,0.36,0.06,0.06,0.02,4.44,9.30,223
0.08,0.50,0.36,0.06,0.06,0.02,4.46,9.34,224
0.08,0.51,0.36,0.06,0.06,0.02,4.48,9.38,225
0.07,0.51,0.36,0.06,0.06,0.02,4.50,9.43,226
0.07,0.51,0.36,0.06,0.06,0.02,4.52,9.47,227
0.07,0.51,0.36,0.06,0.06,0.02,4.54,9.51,228
0.07,0.51,0.35,0.06,0.06,0.02,4.56,9.55,229
0.07,0.52,0.35,0.06,0.06,0.02,4.58,9.59,230
0.07,0.52,0.35,0.06,0.06,0.02,4.60,9.64,231
0.07,0.52,0.35,0.06,0.05,0.02,4.62,9.68,232
0.07,0.52,0.35,0.06,0.05,0.02,4.64,9.72,233
0.07,0.52,0.35,0.06,0.05,0.02,4.66,9.76,234
0.07,0.53,0.35,0.06,0.05,0.02,4.68,9.80,235
0.07,0.53,0.35,0.06,0.05,0.02,4.70,9.84,236
0.07,0.53,0.34,0.06,0.05,0.01,4.72,9.89,237
0.07,0.53,0.34,0.06,0.05,0.01,4.74,9.93,238
0.07,0.53,0.34,0.06,0.05,0.01,4.76,9.97,239
0.07,0.53,0.34,0.06,0.05,0.01,4.78,10.01,240
0.07,0.54,0.34,0.06,0.05,0.01,4.80,10.05,241
0.07,0.54,0.34,0.06,0.05,0.01,4.82,10.09,242
0.07,0.54,0.34,0.06,0.05,0.01,4.84,10.14,243
0.07,0.54,0.34,0.06,0.05,0.01,4.86,10.18,244
0.07,0.54,0.34,0.05,0.05,0.01,4.88,10.22,245
0.07,0.55,0.34,0.05,0.05,0.01,4.90,10.26,246
0.07,0.55,0.33,0.05,0.05,0.01,4.92,10.30,247
0.07,0.55,0.33,0.05,0.05,0.01,4.94,10.34,248
0.07,0.55,0.33,0.05,0.05,0.01,4.96,10.39,249
0.07,0.55,0.33,0.05,0.05,0.01,4.98,10.43,250
0.07,0.56,0.33,0.05,0.05,0.01,5.00,10.47,251
0.06,0.56,0.33,0.05,0.05,0.01,5.02,10.51,252
0.06,0.56,0.33,0.05,0.05,0.01,5.04,10.55,253
0.06,0.56,0.33,0.05,0.05,0.01,5.06,10.59,254
0.06,0.56,0.33,0.05,0.05,0.01,5.08,10.64,255
0.06,0.56,0.33,0.05,0.05,0.01,5.10,10.68,256
0.06,0.56,0.32,0.05,0.05,0.01,5.12,10.72,257
0.06,0.57,0.32,0.05,0.05,0.01,5.14,10.76,258
0.06,0.57,0.32,0.05,0.05,0.01,5.16,10.80,259
0.06,0.57,0.32,0.05,0.05,0.01,5.18,10.84,260
0.06,0.57,0.32,0.05,0.05,0.01,5.20,10.89,261
0.06,0.57,0.32,0.05,0.05,0.01,5.22,10.93,262
0.06,0.58,0.31,0.05,0.05,0.01,5.24,10.97,263
0.06,0.58,0.31,0.05,0.05,0.01,5.26,11.01,264
0.06,0.58,0.31,0.05,0.05,0.01,5.28,11.05,265
0.06,0.58,0.31,0.05,0.05,0.01,5.30,11.10,266
0.06,0.58,0.31,0.05,0.05,0.01,5.32,11.14,267
0.06,0.59,0.31,0.05,0.05,0.01,5.33,11.18,268
0.06,0.59,0.31,0.05,0.05,0.01,5.35,11.22,269
0.06,0.59,0.30,0.05,0.05,0.01,5.37,11.26,270
0.06,0.59,0.30,0.05,0.05,0.01,5.39,11.30,271
0.06,0.59,0.30,0.05,0.05,0.01,5.41,11.35,272
0.06,0.60,0.30,0.05,0.05,0.01,5.43,11.39,273
0.06,0.60,0.30,0.05,0.05,0.01,5.45,11.43,274
0.06,0.60,0.30,0.05,0.05,0.01,5.47,11.47,275
0.06,0.60,0.30,0.05,0.05,0.01,5.49,11.51,276
0.06,0.60,0.30,0.05,0.04,0.01,5.51,11.55,277
0.06,0.60,0.30,0.05,0.04,0.01,5.53,11.60,278
0.06,0.60,0.30,0.05,0.04,0.01,5.55,11.64,279
0.06,0.60,0.30,0.05,0.04,0.01,5.57,11.68,280
0.06,0.61,0.29,0.04,0.04,0.01,5.59,11.72,281
0.06,0.61,0.29,0.04,0.04,0.01,5.61,11.76,282
0.06,0.61,0.29,0.04,0.04,0.01,5.63,11.80,283
0.06,0.61,0.29,0.04,0.04,0.01,5.65,11.85,284
0.05,0.61,0.29,0.04,0.04,0.01,5.67,11.89,285
0.05,0.61,0.29,0.04,0.04,0.01,5.69,11.93,286
0.05,0.62,0.29,0.04,0.04,0.01,5.71,11.97,287
0.05,0.62,0.29,0.04,0.04,0.01,5.73,12.01,288
0.05,0.62,0.29,0.04,0.04,0.01,5.75,12.05,289
0.05,0.62,0.29,0.04,0.04,0.01,5.77,12.10,290
0.05,0.62,0.28,0.04,0.04,0.01,5.79,12.14,291
0.05,0.62,0.28,0.04,0.04,0.01,5.81,12.18,292
0.05,0.63,0.28,0.04,0.04,0.01,5.83,12.22,293
0.05,0.63,0.28,0.04,0.04,0.01,5.85,12.26,294
0.05,0.63,0.28,0.04,0.04,0.01,5.87,12.30,295
0.05,0.63,0.28,0.04,0.04,0.01,5.89,12.35,296
0.05,0.63,0.28,0.04,0.04,0.01,5.91,12.39,297
0.05,0.63,0.28,0.04,0.04,0.01,5.93,12.43,298
0.05,0.63,0.28,0.04,0.04,0.01,5.95,12.47,299
0.05,0.63,0.28,0.04,0.04,0.01,5.97,12.51,300
0.05,0.63,0.28,0.04,0.04,0.01,5.99,12.55,301
0.05,0.64,0.28,0.04,0.04,0.01,6.01,12.60,302
0.05,0.64,0.28,0.04,0.04,0.01,6.03,12.64,303
0.05,0.64,0.27,0.04,0.04,0.01,6.05,12.68,304
0.05,0.64,0.27,0.04,0.04,0.01,6.07,12.72,305
0.05,0.64,0.27,0.04,0.04,0.01,6.09,12.76,306
0.05,0.64,0.27,0.04,0.04,0.01,6.11,12.81,307
0.05,0.64,0.27,0.04,0.04,0.01,6.13,12.85,308
0.05,0.65,0.27,0.04,0.04,0.01,6.15,12.89,309
0.05,0.65,0.27,0.04,0.04,0.01,6.17,12.93,310
0.05,0.65,0.27,0.04,0.04,0.01,6.19,12.97,311
0.05,0.65,0.26,0.04,0.04,0.01,6.21,13.01,312
0.05,0.65,0.26,0.04,0.04,0.01,6.23,13.06,313
0.05,0.65,0.26,0.04,0.04,0.01,6.25,13.10,314
0.05,0.65,0.26,0.04,0.04,0.01,6.27,13.14,315
0.05,0.66,0.26,0.04,0.04,0.01,6.29,13.18,316
0.05,0.66,0.26,0.04,0.04,0.01,6.31,13.22,317
0.05,0.66,0.26,0.04,0.04,0.01,6.33,13.26,318
0.05,0.66,0.26,0.03,0.04,0.01,6.35,13.31,319
0.05,0.66,0.26,0.03,0.04,0.01,6.37,13.35,320
0.05,0.66,0.26,0.03,0.04,0.01,6.39,13.39,321
0.05,0.66,0.26,0.04,0.04,0.01,6.41,13.43,322
0.05,0.66,0.26,0.03,0.04,0.01,6.43,13.47,323
0.05,0.66,0.26,0.03,0.04,0.01,6.45,13.51,324
0.05,0.67,0.26,0.03,0.04,0.01,6.47,13.56,325
0.05,0.67,0.25,0.03,0.04,0.01,6.49,13.60,326
0.05,0.67,0.25,0.03,0.04,0.01,6.51,13.64,327
0.05,0.67,0.25,0.03,0.04,0.01,6.53,13.68,328
0.05,0.67,0.25,0.03,0.04,0.01,6.55,13.72,329
0.05,0.67,0.25,0.03,0.04,0.01,6.57,13.76,330
0.05,0.68,0.25,0.03,0.04,0.01,6.59,13.81,331
0.05,0.68,0.24,0.03,0.04,0.01,6.61,13.85,332
0.05,0.68,0.24,0.03,0.04,0.01,6.63,13.89,333
0.05,0.68,0.24,0.03,0.04,0.01,6.65,13.93,334
0.05,0.68,0.24,0.03,0.04,0.01,6.67,13.97,335
0.04,0.68,0.24,0.03,0.04,0.01,6.69,14.01,336
0.04,0.68,0.24,0.03,0.04,0.01,6.71,14.06,337
0.04,0.68,0.24,0.03,0.03,0.01,6.73,14.10,338
0.04,0.69,0.24,0.03,0.03,0.01,6.75,14.14,339
0.04,0.69,0.24,0.03,0.03,0.01,6.77,14.18,340
0.04,0.69,0.24,0.03,0.03,0.01,6.79,14.22,341
0.04,0.69,0.24,0.03,0.03,0.01,6.81,14.27,342
0.04,0.69,0.24,0.03,0.03,0.01,6.83,14.31,343
0.04,0.69,0.24,0.03,0.03,0.01,6.85,14.35,344
0.04,0.69,0.24,0.03,0.04,0.01,6.87,14.39,345
0.04,0.69,0.24,0.03,0.04,0.01,6.89,14.43,346
0.04,0.69,0.23,0.03,0.03,0.01,6.91,14.47,347
0.04,0.69,0.23,0.03,0.03,0.01,6.93,14.52,348
0.04,0.70,0.23,0.03,0.03,0.01,6.95,14.56,349
0.04,0.70,0.23,0.03,0.03,0.01,6.97,14.60,350
0.04,0.70,0.23,0.03,0.03,0.01,6.99,14.64,351
0.04,0.70,0.23,0.03,0.03,0.01,7.01,14.68,352
0.04,0.70,0.23,0.03,0.03,0.01,7.03,14.72,353
0.04,0.70,0.23,0.03,0.03,0.01,7.05,14.77,354
0.04,0.70,0.23,0.03,0.03,0.01,7.07,14.81,355
0.04,0.70,0.23,0.03,0.03,0.01,7.09,14.85,356
0.04,0.70,0.23,0.03,0.03,0.01,7.11,14.89,357
0.04,0.71,0.23,0.03,0.03,0.01,7.13,14.93,358
0.04,0.71,0.22,0.03,0.03,0.01,7.15,14.97,359
0.04,0.71,0.22,0.03,0.03,0.01,7.17,15.02,360
0.04,0.71,0.22,0.03,0.03,0.01,7.19,15.06,361
0.04,0.71,0.22,0.03,0.03,0.01,7.21,15.10,362
0.04,0.71,0.22,0.03,0.03,0.01,7.23,15.14,363
0.04,0.71,0.22,0.03,0.03,0.01,7.25,15.18,364
0.04,0.71,0.22,0.03,0.03,0.01,7.27,15.22,365
0.04,0.72,0.22,0.03,0.03,0.01,7.29,15.27,366
0.04,0.72,0.22,0.03,0.03,0.01,7.31,15.31,367
0.04,0.72,0.21,0.03,0.03,0.01,7.33,15.35,368
0.04,0.72,0.21,0.03,0.03,0.01,7.35,15.39,369
0.04,0.72,0.21,0.03,0.03,0.01,7.37,15.43,370
0.04,0.72,0.21,0.03,0.03,0.01,7.39,15.47,371
0.04,0.72,0.21,0.03,0.03,0.01,7.41,15.52,372
0.04,0.72,0.21,0.03,0.03,0.01,7.43,15.56,373
0.04,0.73,0.21,0.03,0.03,0.01,7.45,15.60,374
0.04,0.73,0.21,0.03,0.03,0.01,7.46,15.64,375
0.04,0.73,0.21,0.03,0.03,0.01,7.48,15.68,376
0.04,0.73,0.21,0.03,0.03,0.01,7.50,15.72,377
0.04,0.73,0.21,0.03,0.03,0.01,7.52,15.77,378
0.04,0.73,0.21,0.03,0.03,0.01,7.54,15.81,379
0.04,0.73,0.21,0.03,0.03,0.01,7.56,15.85,380
0.04,0.73,0.21,0.03,0.03,0.01,7.58,15.89,381
0.03,0.73,0.21,0.03,0.03,0.01,7.60,15.93,382
0.03,0.73,0.20,0.03,0.03,0.01,7.62,15.98,383
0.03,0.73,0.20,0.03,0.03,0.01,7.64,16.02,384
0.03,0.74,0.20,0.03,0.03,0.01,7.66,16.06,385
0.03,0.74,0.20,0.03,0.03,0.01,7.68,16.10,386
0.03,0.74,0.20,0.03,0.03,0.01,7.70,16.14,387
0.03,0.74,0.20,0.03,0.03,0.01,7.72,16.18,388
0.03,0.74,0.20,0.03,0.03,0.01,7.74,16.23,389
0.03,0.74,0.20,0.03,0.03,0.01,7.76,16.27,390
0.03,0.74,0.20,0.02,0.03,0.01,7.78,16.31,391
0.03,0.74,0.20,0.03,0.03,0.01,7.80,16.35,392
0.03,0.75,0.20,0.03,0.03,0.01,7.82,16.39,393
0.03,0.75,0.19,0.02,0.03,0.01,7.84,16.43,394
0.03,0.75,0.19,0.02,0.03,0.01,7.86,16.48,395
0.03,0.75,0.19,0.02,0.03,0.01,7.88,16.52,396
0.03,0.75,0.19,0.02,0.03,0.01,7.90,16.56,397
0.03,0.75,0.19,0.03,0.03,0.01,7.92,16.60,398
0.03,0.75,0.19,0.03,0.03,0.01,7.94,16.64,399
0.03,0.75,0.19,0.02,0.03,0.01,7.96,16.68,400
0.03,0.76,0.19,0.02,0.03,0.01,7.98,16.73,401
0.03,0.76,0.19,0.02,0.03,0.01,8.00,16.77,402
0.03,0.76,0.19,0.02,0.03,0.01,8.02,16.81,403
0.03,0.76,0.19,0.02,0.03,0.01,8.04,16.85,404
0.03,0.76,0.19,0.02,0.02,0.01,8.06,16.89,405
0.03,0.76,0.18,0.02,0.02,0.01,8.08,16.93,406
0.03,0.76,0.18,0.02,0.02,0.01,8.10,16.98,407
0.03,0.76,0.18,0.02,0.02,0.01,8.12,17.02,408
0.03,0.76,0.18,0.02,0.02,0.01,8.14,17.06,409
0.03,0.77,0.18,0.02,0.02,0.01,8.16,17.10,410
0.03,0.77,0.18,0.02,0.02,0.01,8.18,17.14,411
0.03,0.77,0.18,0.02,0.02,0.01,8.20,17.18,412
0.03,0.77,0.18,0.02,0.02,0.01,8.22,17.23,413
0.03,0.77,0.18,0.02,0.02,0.01,8.24,17.27,414
0.03,0.77,0.18,0.02,0.02,0.01,8.26,17.31,415
0.03,0.77,0.18,0.02,0.02,0.01,8.28,17.35,416
0.03,0.77,0.18,0.02,0.02,0.01,8.30,17.39,417
0.03,0.77,0.18,0.02,0.02,0.01,8.32,17.43,418
0.03,0.77,0.18,0.02,0.02,0.01,8.34,17.48,419
0.03,0.77,0.17,0.02,0.02,0.01,8.36,17.52,420
0.03,0.78,0.17,0.02,0.02,0.01,8.38,17.56,421
0.03,0.78,0.17,0.02,0.02,0.01,8.40,17.60,422
0.03,0.78,0.17,0.02,0.02,0.01,8.42,17.64,423
0.03,0.78,0.17,0.02,0.02,0.01,8.44,17.68,424
0.03,0.78,0.17,0.02,0.02,0.01,8.46,17.73,425
0.03,0.78,0.17,0.02,0.02,0.01,8.48,17.77,426
0.03,0.78,0.17,0.02,0.02,0.01,8.50,17.81,427
0.03,0.78,0.17,0.02,0.02,0.01,8.52,17.85,428
0.03,0.78,0.17,0.02,0.02,0.01,8.54,17.89,429
0.03,0.78,0.17,0.02,0.02,0.01,8.56,17.93,430
0.03,0.79,0.16,0.02,0.02,0.01,8.58,17.98,431
0.03,0.79,0.16,0.02,0.02,0.01,8.60,18.02,432
0.03,0.79,0.16,0.02,0.02,0.01,8.62,18.06,433
0.03,0.79,0.16,0.02,0.02,0.01,8.64,18.10,434
0.03,0.79,0.16,0.02,0.02,0.01,8.66,18.14,435
0.03,0.79,0.16,0.02,0.02,0.01,8.68,18.18,436
0.03,0.79,0.16,0.02,0.02,0.01,8.70,18.23,437
0.03,0.79,0.16,0.02,0.02,0.01,8.72,18.27,438
0.03,0.79,0.16,0.02,0.02,0.00,8.74,18.31,439
0.03,0.80,0.16,0.02,0.02,0.00,8.76,18.35,440
0.03,0.80,0.16,0.02,0.02,0.00,8.78,18.39,441
0.03,0.80,0.16,0.02,0.02,0.00,8.80,18.43,442
0.02,0.80,0.15,0.02,0.02,0.00,8.82,18.47,443
0.02,0.80,0.15,0.02,0.02,0.00,8.84,18.52,444
0.02,0.80,0.15,0.02,0.02,0.00,8.86,18.56,445
0.02,0.80,0.15,0.02,0.02,0.00,8.88,18.60,446
0.02,0.80,0.15,0.02,0.02,0.00,8.90,18.64,447
0.02,0.80,0.15,0.02,0.02,0.00,8.92,18.68,448
0.02,0.80,0.15,0.02,0.02,0.00,8.94,18.72,449
0.02,0.80,0.15,0.02,0.02,0.00,8.96,18.77,450
0.02,0.80,0.15,0.02,0.02,0.00,8.97,18.81,451
0.02,0.81,0.15,0.02,0.02,0.00,8.99,18.85,452
0.02,0.81,0.15,0.02,0.02,0.00,9.01,18.89,453
0.02,0.81,0.15,0.02,0.02,0.00,9.03,18.93,454
0.02,0.81,0.15,0.02,0.02,0.00,9.05,18.97,455
0.02,0.81,0.15,0.02,0.02,0.00,9.07,19.01,456
0.02,0.81,0.15,0.02,0.02,0.00,9.09,19.06,457
0.02,0.81,0.15,0.02,0.02,0.00,9.11,19.10,458
0.02,0.81,0.15,0.02,0.02,0.00,9.13,19.14,459
0.02,0.81,0.15,0.02,0.02,0.00,9.15,19.18,460
0.02,0.81,0.15,0.02,0.02,0.00,9.17,19.22,461
0.02,0.81,0.15,0.02,0.02,0.00,9.19,19.26,462
0.02,0.81,0.15,0.02,0.02,0.00,9.21,19.30,463
0.02,0.81,0.14,0.02,0.02,0.00,9.23,19.35,464
0.02,0.81,0.14,0.02,0.02,0.00,9.25,19.39,465
0.02,0.81,0.14,0.02,0.02,0.00,9.27,19.43,466
0.02,0.82,0.14,0.02,0.02,0.00,9.29,19.47,467
0.02,0.82,0.14,0.02,0.02,0.00,9.31,19.51,468
0.02,0.82,0.14,0.02,0.02,0.00,9.33,19.55,469
0.02,0.82,0.14,0.02,0.02,0.00,9.35,19.59,470
0.02,0.82,0.14,0.02,0.02,0.00,9.37,19.64,471
0.02,0.82,0.14,0.02,0.02,0.00,9.39,19.68,472
0.02,0.82,0.14,0.02,0.02,0.00,9.41,19.72,473
0.02,0.82,0.14,0.02,0.02,0.00,9.43,19.76,474
0.02,0.82,0.14,0.02,0.02,0.00,9.45,19.80,475
0.02,0.82,0.14,0.02,0.02,0.00,9.47,19.84,476
0.02,0.82,0.14,0.02,0.02,0.00,9.49,19.88,477
0.02,0.82,0.14,0.02,0.02,0.00,9.51,19.92,478
0.02,0.83,0.13,0.02,0.02,0.00,9.53,19.96,479
0.02,0.83,0.13,0.02,0.02,0.00,9.55,20.01,480
0.02,0.83,0.13,0.02,0.02,0.00,9.57,20.05,481
0.02,0.83,0.13,0.02,0.02,0.00,9.59,20.09,482
0.02,0.83,0.13,0.02,0.02,0.00,9.61,20.13,483
0.02,0.83,0.13,0.02,0.02,0.00,9.62,20.17,484
0.02,0.83,0.13,0.02,0.02,0.00,9.64,20.21,485
0.02,0.83,0.13,0.02,0.02,0.00,9.66,20.25,486
0.02,0.83,0.13,0.02,0.02,0.00,9.68,20.29,487
0.02,0.83,0.13,0.02,0.02,0.00,9.70,20.33,488
0.02,0.83,0.13,0.02,0.02,0.00,9.72,20.38,489
0.02,0.83,0.13,0.02,0.02,0.00,9.74,20.42,490
0.02,0.83,0.13,0.02,0.02,0.00,9.76,20.46,491
0.02,0.83,0.13,0.02,0.02,0.00,9.78,20.50,492
0.02,0.84,0.13,0.02,0.02,0.00,9.80,20.54,493
0.02,0.84,0.13,0.02,0.02,0.00,9.82,20.58,494
0.02,0.84,0.13,0.02,0.02,0.00,9.84,20.62,495
0.02,0.84,0.13,0.02,0.02,0.00,9.86,20.66,496
0.02,0.84,0.13,0.02,0.02,0.00,9.88,20.70,497
0.02,0.84,0.13,0.02,0.02,0.00,9.90,20.75,498
0.02,0.84,0.13,0.02,0.02,0.00,9.92,20.79,499
0.02,0.84,0.12,0.02,0.02,0.00,9.94,20.83,500
0.23,0.01,0.62,0.14,0.17,0.05,NA,NA,-1
0.23,0.01,0.62,0.14,0.17,0.06,NA,NA,-2
0.23,0.01,0.61,0.14,0.18,0.06,NA,NA,-3
0.23,0.01,0.61,0.14,0.18,0.06,NA,NA,-4
0.23,0.01,0.61,0.14,0.18,0.06,NA,NA,-5
0.23,0.01,0.61,0.14,0.18,0.06,NA,NA,-6
0.23,0.01,0.61,0.15,0.18,0.06,NA,NA,-7
0.23,0.01,0.61,0.15,0.18,0.06,NA,NA,-8
0.23,0.01,0.60,0.15,0.18,0.06,NA,NA,-9
0.24,0.01,0.60,0.15,0.18,0.06,NA,NA,-10
0.24,0.01,0.60,0.15,0.18,0.06,NA,NA,-11
0.24,0.01,0.60,0.15,0.18,0.06,NA,NA,-12
0.24,0.01,0.60,0.15,0.18,0.06,NA,NA,-13
0.24,0.01,0.60,0.15,0.18,0.06,NA,NA,-14
0.24,0.01,0.60,0.15,0.18,0.06,NA,NA,-15
0.24,0.01,0.60,0.16,0.18,0.06,NA,NA,-16
0.24,0.01,0.59,0.16,0.18,0.06,NA,NA,-17
0.24,0.01,0.59,0.16,0.18,0.06,NA,NA,-18
0.24,0.01,0.59,0.16,0.18,0.06,NA,NA,-19
0.25,0.01,0.59,0.15,0.19,0.06,NA,NA,-20
0.25,0.01,0.59,0.16,0.19,0.06,NA,NA,-21
0.25,0.01,0.59,0.16,0.19,0.06,NA,NA,-22
0.25,0.01,0.59,0.16,0.19,0.06,NA,NA,-23
0.25,0.01,0.59,0.16,0.19,0.06,NA,NA,-24
0.25,0.01,0.59,0.16,0.19,0.06,NA,NA,-25
0.25,0.01,0.58,0.16,0.19,0.06,NA,NA,-26
0.25,0.01,0.58,0.16,0.19,0.06,NA,NA,-27
0.26,0.01,0.58,0.16,0.19,0.06,NA,NA,-28
0.26,0.01,0.58,0.16,0.19,0.06,NA,NA,-29
0.26,0.01,0.57,0.16,0.19,0.06,NA,NA,-30
0.26,0.01,0.57,0.17,0.19,0.07,NA,NA,-31
0.26,0.01,0.57,0.16,0.19,0.07,NA,NA,-32
0.26,0.01,0.57,0.17,0.19,0.07,NA,NA,-33
0.26,0.01,0.57,0.17,0.19,0.07,NA,NA,-34
0.26,0.00,0.56,0.17,0.19,0.07,NA,NA,-35
0.26,0.00,0.56,0.17,0.20,0.07,NA,NA,-36
0.26,0.00,0.56,0.17,0.20,0.07,NA,NA,-37
0.27,0.00,0.56,0.17,0.20,0.07,NA,NA,-38
0.27,0.00,0.55,0.17,0.20,0.07,NA,NA,-39
0.27,0.00,0.55,0.17,0.20,0.07,NA,NA,-40
0.27,0.00,0.55,0.17,0.20,0.07,NA,NA,-41
0.27,0.00,0.55,0.17,0.20,0.07,NA,NA,-42
0.28,0.00,0.55,0.17,0.20,0.07,NA,NA,-43
0.28,0.00,0.55,0.18,0.20,0.07,NA,NA,-44
0.28,0.00,0.54,0.18,0.21,0.07,NA,NA,-45
0.28,0.00,0.54,0.18,0.21,0.07,NA,NA,-46
0.28,0.00,0.54,0.18,0.21,0.07,NA,NA,-47
0.28,0.00,0.54,0.18,0.21,0.07,NA,NA,-48
0.28,0.00,0.53,0.18,0.21,0.07,NA,NA,-49
0.28,0.00,0.53,0.18,0.21,0.07,NA,NA,-50
0.29,0.00,0.53,0.18,0.21,0.07,NA,NA,-51
0.29,0.00,0.53,0.18,0.21,0.07,NA,NA,-52
0.29,0.00,0.53,0.18,0.21,0.08,NA,NA,-53
0.29,0.00,0.53,0.18,0.21,0.08,NA,NA,-54
0.29,0.00,0.52,0.18,0.21,0.08,NA,NA,-55
0.29,0.00,0.52,0.18,0.22,0.08,NA,NA,-56
0.29,0.00,0.52,0.19,0.22,0.08,NA,NA,-57
0.30,0.00,0.52,0.18,0.22,0.08,NA,NA,-58
0.30,0.00,0.52,0.19,0.22,0.08,NA,NA,-59
0.30,0.00,0.51,0.19,0.22,0.08,NA,NA,-60
0.30,0.00,0.51,0.19,0.22,0.08,NA,NA,-61
0.30,0.00,0.51,0.19,0.23,0.08,NA,NA,-62
0.31,0.00,0.51,0.19,0.23,0.08,NA,NA,-63
0.31,0.00,0.51,0.19,0.23,0.08,NA,NA,-64
0.31,0.00,0.50,0.19,0.23,0.08,NA,NA,-65
0.31,0.00,0.50,0.19,0.23,0.08,NA,NA,-66
0.31,0.00,0.50,0.19,0.23,0.08,NA,NA,-67
0.31,0.00,0.50,0.19,0.23,0.08,NA,NA,-68
0.31,0.00,0.49,0.19,0.23,0.09,NA,NA,-69
0.32,0.00,0.49,0.19,0.23,0.09,NA,NA,-70
0.32,0.00,0.49,0.19,0.23,0.09,NA,NA,-71
0.32,0.00,0.49,0.20,0.23,0.09,NA,NA,-72
0.32,0.00,0.48,0.20,0.23,0.09,NA,NA,-73
0.32,0.00,0.48,0.20,0.23,0.09,NA,NA,-74
0.32,0.00,0.48,0.20,0.24,0.09,NA,NA,-75
0.33,0.00,0.48,0.20,0.24,0.09,NA,NA,-76
0.33,0.00,0.47,0.20,0.24,0.09,NA,NA,-77
0.33,0.00,0.47,0.20,0.24,0.09,NA,NA,-78
0.33,0.00,0.47,0.20,0.24,0.09,NA,NA,-79
0.33,0.00,0.46,0.21,0.24,0.09,NA,NA,-80
0.33,0.00,0.46,0.21,0.24,0.09,NA,NA,-81
0.33,0.00,0.46,0.21,0.24,0.09,NA,NA,-82
0.33,0.00,0.46,0.21,0.24,0.09,NA,NA,-83
0.34,0.00,0.45,0.21,0.24,0.09,NA,NA,-84
0.34,0.00,0.45,0.21,0.24,0.09,NA,NA,-85
0.34,0.00,0.45,0.21,0.24,0.09,NA,NA,-86
0.34,0.00,0.45,0.21,0.25,0.09,NA,NA,-87
0.34,0.00,0.44,0.21,0.25,0.09,NA,NA,-88
0.34,0.00,0.44,0.22,0.25,0.09,NA,NA,-89
0.35,0.00,0.44,0.22,0.25,0.10,NA,NA,-90
0.35,0.00,0.44,0.22,0.25,0.10,NA,NA,-91
0.35,0.00,0.43,0.22,0.25,0.10,NA,NA,-92
0.35,0.00,0.43,0.22,0.25,0.10,NA,NA,-93
0.35,0.00,0.43,0.22,0.25,0.10,NA,NA,-94
0.35,0.00,0.43,0.22,0.25,0.10,NA,NA,-95
0.36,0.00,0.42,0.22,0.26,0.10,NA,NA,-96
0.36,0.00,0.42,0.22,0.26,0.10,NA,NA,-97
0.36,0.00,0.42,0.22,0.26,0.10,NA,NA,-98
0.36,0.00,0.42,0.22,0.26,0.10,NA,NA,-99
0.36,0.00,0.41,0.22,0.26,0.10,NA,NA,-100
0.37,0.00,0.41,0.23,0.26,0.10,NA,NA,-101
0.37,0.00,0.41,0.23,0.27,0.10,NA,NA,-102
0.37,0.00,0.41,0.23,0.27,0.10,NA,NA,-103
0.37,0.00,0.40,0.23,0.27,0.11,NA,NA,-104
0.37,0.00,0.40,0.23,0.27,0.11,NA,NA,-105
0.37,0.00,0.40,0.23,0.27,0.11,NA,NA,-106
0.38,0.00,0.40,0.23,0.27,0.11,NA,NA,-107
0.38,0.00,0.39,0.23,0.27,0.11,NA,NA,-108
0.38,0.00,0.39,0.23,0.27,0.11,NA,NA,-109
0.38,0.00,0.39,0.23,0.27,0.11,NA,NA,-110
0.38,0.00,0.39,0.23,0.27,0.11,NA,NA,-111
0.38,0.00,0.38,0.23,0.27,0.11,NA,NA,-112
0.39,0.00,0.38,0.24,0.27,0.11,NA,NA,-113
0.39,0.00,0.38,0.24,0.28,0.11,NA,NA,-114
0.39,0.00,0.37,0.24,0.28,0.11,NA,NA,-115
0.39,0.00,0.37,0.24,0.28,0.11,NA,NA,-116
0.39,0.00,0.37,0.24,0.28,0.11,NA,NA,-117
0.40,0.00,0.36,0.24,0.28,0.12,NA,NA,-118
0.40,0.00,0.36,0.24,0.28,0.12,NA,NA,-119
0.40,0.00,0.36,0.24,0.28,0.12,NA,NA,-120
0.40,0.00,0.36,0.24,0.29,0.12,NA,NA,-121
0.40,0.00,0.35,0.24,0.29,0.12,NA,NA,-122
0.41,0.00,0.35,0.24,0.29,0.12,NA,NA,-123
0.41,0.00,0.35,0.24,0.29,0.12,NA,NA,-124
0.41,0.00,0.35,0.24,0.29,0.12,NA,NA,-125
0.42,0.00,0.34,0.24,0.30,0.12,NA,NA,-126
0.42,0.00,0.34,0.24,0.30,0.12,NA,NA,-127
0.42,0.00,0.33,0.25,0.30,0.12,NA,NA,-128
0.42,0.00,0.33,0.25,0.30,0.12,NA,NA,-129
0.42,0.00,0.33,0.25,0.30,0.12,NA,NA,-130
0.43,0.00,0.32,0.25,0.30,0.12,NA,NA,-131
0.43,0.00,0.32,0.25,0.31,0.12,NA,NA,-132
0.43,0.00,0.32,0.25,0.31,0.12,NA,NA,-133
0.43,0.00,0.32,0.25,0.31,0.12,NA,NA,-134
0.43,0.00,0.31,0.25,0.31,0.12,NA,NA,-135
0.44,0.00,0.31,0.25,0.31,0.12,NA,NA,-136
0.44,0.00,0.31,0.25,0.32,0.12,NA,NA,-137
0.44,0.00,0.31,0.25,0.32,0.12,NA,NA,-138
0.44,0.00,0.30,0.25,0.32,0.13,NA,NA,-139
0.44,0.00,0.30,0.26,0.32,0.13,NA,NA,-140
0.45,0.00,0.30,0.26,0.32,0.13,NA,NA,-141
0.45,0.00,0.29,0.26,0.32,0.13,NA,NA,-142
0.45,0.00,0.29,0.26,0.32,0.13,NA,NA,-143
0.45,0.00,0.29,0.26,0.32,0.13,NA,NA,-144
0.45,0.00,0.28,0.26,0.32,0.13,NA,NA,-145
0.46,0.00,0.28,0.26,0.33,0.13,NA,NA,-146
0.46,0.00,0.28,0.27,0.33,0.13,NA,NA,-147
0.46,0.00,0.27,0.27,0.33,0.13,NA,NA,-148
0.46,0.00,0.27,0.27,0.33,0.13,NA,NA,-149
0.46,0.00,0.27,0.27,0.33,0.13,NA,NA,-150
0.47,0.00,0.27,0.27,0.33,0.13,NA,NA,-151
0.47,0.00,0.26,0.27,0.33,0.14,NA,NA,-152
0.47,0.00,0.26,0.27,0.33,0.14,NA,NA,-153
0.47,0.00,0.26,0.27,0.34,0.14,NA,NA,-154
0.48,0.00,0.26,0.27,0.34,0.14,NA,NA,-155
0.48,0.00,0.25,0.27,0.34,0.14,NA,NA,-156
0.48,0.00,0.25,0.27,0.34,0.14,NA,NA,-157
0.48,0.00,0.25,0.27,0.34,0.14,NA,NA,-158
0.48,0.00,0.24,0.27,0.34,0.14,NA,NA,-159
0.49,0.00,0.24,0.27,0.34,0.14,NA,NA,-160
0.49,0.00,0.24,0.27,0.35,0.14,NA,NA,-161
0.49,0.00,0.23,0.27,0.35,0.14,NA,NA,-162
0.49,0.00,0.23,0.28,0.35,0.14,NA,NA,-163
0.50,0.00,0.23,0.28,0.35,0.15,NA,NA,-164
0.50,0.00,0.23,0.28,0.35,0.15,NA,NA,-165
0.50,0.00,0.22,0.28,0.35,0.15,NA,NA,-166
0.51,0.00,0.22,0.27,0.36,0.15,NA,NA,-167
0.51,0.00,0.22,0.28,0.36,0.15,NA,NA,-168
0.51,0.00,0.21,0.27,0.36,0.15,NA,NA,-169
0.51,0.00,0.21,0.27,0.37,0.15,NA,NA,-170
0.52,0.00,0.21,0.27,0.37,0.15,NA,NA,-171
0.52,0.00,0.21,0.27,0.37,0.15,NA,NA,-172
0.52,0.00,0.21,0.27,0.37,0.15,NA,NA,-173
0.53,0.00,0.20,0.27,0.37,0.15,NA,NA,-174
0.53,0.00,0.20,0.27,0.38,0.15,NA,NA,-175
0.53,0.00,0.20,0.27,0.38,0.15,NA,NA,-176
0.53,0.00,0.20,0.27,0.38,0.16,NA,NA,-177
0.54,0.00,0.19,0.27,0.38,0.16,NA,NA,-178
0.54,0.00,0.19,0.27,0.38,0.16,NA,NA,-179
0.54,0.00,0.19,0.27,0.38,0.16,NA,NA,-180
0.54,0.00,0.18,0.27,0.38,0.16,NA,NA,-181
0.55,0.00,0.18,0.27,0.39,0.16,NA,NA,-182
0.55,0.00,0.18,0.27,0.39,0.16,NA,NA,-183
0.55,0.00,0.18,0.27,0.39,0.16,NA,NA,-184
0.55,0.00,0.18,0.27,0.39,0.16,NA,NA,-185
0.56,0.00,0.17,0.27,0.39,0.16,NA,NA,-186
0.56,0.00,0.17,0.27,0.40,0.16,NA,NA,-187
0.56,0.00,0.17,0.27,0.40,0.16,NA,NA,-188
0.56,0.00,0.17,0.27,0.40,0.16,NA,NA,-189
0.57,0.00,0.16,0.27,0.40,0.16,NA,NA,-190
0.57,0.00,0.16,0.27,0.41,0.16,NA,NA,-191
0.58,0.00,0.16,0.27,0.41,0.17,NA,NA,-192
0.58,0.00,0.16,0.26,0.41,0.17,NA,NA,-193
0.58,0.00,0.16,0.26,0.41,0.17,NA,NA,-194
0.58,0.00,0.15,0.26,0.42,0.17,NA,NA,-195
0.59,0.00,0.15,0.26,0.42,0.17,NA,NA,-196
0.59,0.00,0.15,0.26,0.42,0.17,NA,NA,-197
0.59,0.00,0.15,0.26,0.42,0.17,NA,NA,-198
0.60,0.00,0.15,0.26,0.42,0.17,NA,NA,-199
0.60,0.00,0.14,0.26,0.43,0.17,NA,NA,-200
0.60,0.00,0.14,0.26,0.43,0.17,NA,NA,-201
0.60,0.00,0.14,0.26,0.43,0.18,NA,NA,-202
0.61,0.00,0.14,0.26,0.43,0.18,NA,NA,-203
0.61,0.00,0.13,0.26,0.43,0.18,NA,NA,-204
0.61,0.00,0.13,0.26,0.43,0.18,NA,NA,-205
0.61,0.00,0.13,0.26,0.44,0.18,NA,NA,-206
0.62,0.00,0.13,0.26,0.44,0.18,NA,NA,-207
0.62,0.00,0.13,0.26,0.44,0.18,NA,NA,-208
0.62,0.00,0.12,0.26,0.44,0.18,NA,NA,-209
0.62,0.00,0.12,0.26,0.44,0.18,NA,NA,-210
0.63,0.00,0.12,0.25,0.45,0.18,NA,NA,-211
0.63,0.00,0.12,0.25,0.45,0.18,NA,NA,-212
0.63,0.00,0.11,0.25,0.45,0.18,NA,NA,-213
0.64,0.00,0.11,0.25,0.45,0.18,NA,NA,-214
0.64,0.00,0.11,0.25,0.45,0.19,NA,NA,-215
0.64,0.00,0.11,0.25,0.46,0.19,NA,NA,-216
0.65,0.00,0.11,0.25,0.46,0.19,NA,NA,-217
0.65,0.00,0.10,0.25,0.46,0.19,NA,NA,-218
0.65,0.00,0.10,0.25,0.46,0.19,NA,NA,-219
0.65,0.00,0.10,0.25,0.46,0.19,NA,NA,-220
0.66,0.00,0.10,0.25,0.46,0.19,NA,NA,-221
0.66,0.00,0.10,0.24,0.46,0.20,NA,NA,-222
0.66,0.00,0.10,0.24,0.46,0.20,NA,NA,-223
0.66,0.00,0.09,0.24,0.46,0.20,NA,NA,-224
0.67,0.00,0.09,0.24,0.47,0.20,NA,NA,-225
0.67,0.00,0.09,0.24,0.47,0.20,NA,NA,-226
0.67,0.00,0.09,0.24,0.47,0.20,NA,NA,-227
0.67,0.00,0.09,0.24,0.47,0.20,NA,NA,-228
0.68,0.00,0.09,0.23,0.47,0.20,NA,NA,-229
0.68,0.00,0.08,0.23,0.48,0.21,NA,NA,-230
0.68,0.00,0.08,0.23,0.48,0.21,NA,NA,-231
0.69,0.00,0.08,0.23,0.48,0.21,NA,NA,-232
0.69,0.00,0.08,0.23,0.48,0.21,NA,NA,-233
0.69,0.00,0.08,0.23,0.48,0.21,NA,NA,-234
0.69,0.00,0.08,0.23,0.48,0.21,NA,NA,-235
0.70,0.00,0.08,0.23,0.48,0.21,NA,NA,-236
0.70,0.00,0.07,0.23,0.48,0.21,NA,NA,-237
0.70,0.00,0.07,0.23,0.49,0.22,NA,NA,-238
0.70,0.00,0.07,0.22,0.49,0.22,NA,NA,-239
0.71,0.00,0.07,0.22,0.49,0.22,NA,NA,-240
0.71,0.00,0.07,0.22,0.49,0.22,NA,NA,-241
0.71,0.00,0.07,0.22,0.49,0.22,NA,NA,-242
0.71,0.00,0.07,0.22,0.49,0.22,NA,NA,-243
0.72,0.00,0.07,0.22,0.49,0.22,NA,NA,-244
0.72,0.00,0.06,0.22,0.49,0.23,NA,NA,-245
0.72,0.00,0.06,0.22,0.49,0.23,NA,NA,-246
0.72,0.00,0.06,0.21,0.49,0.23,NA,NA,-247
0.73,0.00,0.06,0.21,0.50,0.23,NA,NA,-248
0.73,0.00,0.06,0.21,0.50,0.23,NA,NA,-249
0.73,0.00,0.06,0.21,0.50,0.23,NA,NA,-250
0.73,0.00,0.06,0.21,0.50,0.23,NA,NA,-251
0.74,0.00,0.05,0.21,0.50,0.24,NA,NA,-252
0.74,0.00,0.05,0.21,0.50,0.24,NA,NA,-253
0.74,0.00,0.05,0.21,0.50,0.24,NA,NA,-254
0.74,0.00,0.05,0.21,0.51,0.24,NA,NA,-255
0.75,0.00,0.05,0.20,0.51,0.24,NA,NA,-256
0.75,0.00,0.05,0.20,0.51,0.24,NA,NA,-257
0.75,0.00,0.05,0.20,0.51,0.24,NA,NA,-258
0.75,0.00,0.05,0.20,0.51,0.24,NA,NA,-259
0.76,0.00,0.05,0.20,0.51,0.24,NA,NA,-260
0.76,0.00,0.04,0.20,0.51,0.25,NA,NA,-261
0.76,0.00,0.04,0.20,0.51,0.25,NA,NA,-262
0.76,0.00,0.04,0.20,0.51,0.25,NA,NA,-263
0.77,0.00,0.04,0.19,0.52,0.25,NA,NA,-264
0.77,0.00,0.04,0.19,0.52,0.25,NA,NA,-265
0.77,0.00,0.04,0.19,0.52,0.25,NA,NA,-266
0.77,0.00,0.04,0.19,0.52,0.25,NA,NA,-267
0.78,0.00,0.04,0.19,0.52,0.25,NA,NA,-268
0.78,0.00,0.04,0.18,0.53,0.25,NA,NA,-269
0.78,0.00,0.04,0.18,0.53,0.25,NA,NA,-270
0.79,0.00,0.03,0.18,0.53,0.26,NA,NA,-271
0.79,0.00,0.03,0.18,0.53,0.26,NA,NA,-272
0.79,0.00,0.03,0.18,0.53,0.26,NA,NA,-273
0.79,0.00,0.03,0.17,0.53,0.26,NA,NA,-274
0.80,0.00,0.03,0.17,0.54,0.26,NA,NA,-275
0.80,0.00,0.03,0.17,0.54,0.26,NA,NA,-276
0.80,0.00,0.03,0.17,0.54,0.26,NA,NA,-277
0.80,0.00,0.03,0.17,0.54,0.26,NA,NA,-278
0.81,0.00,0.03,0.16,0.54,0.27,NA,NA,-279
0.81,0.00,0.03,0.16,0.54,0.27,NA,NA,-280
0.81,0.00,0.03,0.16,0.54,0.27,NA,NA,-281
0.81,0.00,0.03,0.16,0.54,0.27,NA,NA,-282
0.81,0.00,0.03,0.16,0.55,0.27,NA,NA,-283
0.82,0.00,0.03,0.16,0.55,0.27,NA,NA,-284
0.82,0.00,0.03,0.15,0.55,0.27,NA,NA,-285
0.82,0.00,0.03,0.15,0.55,0.27,NA,NA,-286
0.82,0.00,0.02,0.15,0.55,0.27,NA,NA,-287
0.83,0.00,0.02,0.15,0.55,0.28,NA,NA,-288
0.83,0.00,0.02,0.15,0.55,0.28,NA,NA,-289
0.83,0.00,0.02,0.15,0.55,0.28,NA,NA,-290
0.83,0.00,0.02,0.15,0.55,0.28,NA,NA,-291
0.84,0.00,0.02,0.14,0.55,0.28,NA,NA,-292
0.84,0.00,0.02,0.14,0.55,0.28,NA,NA,-293
0.84,0.00,0.02,0.14,0.55,0.29,NA,NA,-294
0.84,0.00,0.02,0.14,0.56,0.29,NA,NA,-295
0.84,0.00,0.02,0.14,0.55,0.29,NA,NA,-296
0.84,0.00,0.02,0.14,0.55,0.29,NA,NA,-297
0.85,0.00,0.02,0.14,0.55,0.29,NA,NA,-298
0.85,0.00,0.02,0.13,0.55,0.30,NA,NA,-299
0.85,0.00,0.02,0.13,0.55,0.30,NA,NA,-300
0.85,0.00,0.02,0.13,0.55,0.30,NA,NA,-301
0.85,0.00,0.02,0.13,0.55,0.30,NA,NA,-302
0.85,0.00,0.02,0.13,0.55,0.30,NA,NA,-303
0.86,0.00,0.02,0.13,0.55,0.31,NA,NA,-304
0.86,0.00,0.02,0.12,0.55,0.31,NA,NA,-305
0.86,0.00,0.02,0.12,0.55,0.31,NA,NA,-306
0.86,0.00,0.01,0.12,0.55,0.31,NA,NA,-307
0.86,0.00,0.01,0.12,0.55,0.31,NA,NA,-308
0.87,0.00,0.01,0.12,0.55,0.32,NA,NA,-309
0.87,0.00,0.01,0.12,0.55,0.32,NA,NA,-310
0.87,0.00,0.01,0.12,0.55,0.32,NA,NA,-311
0.87,0.00,0.01,0.11,0.55,0.32,NA,NA,-312
0.87,0.00,0.01,0.11,0.55,0.32,NA,NA,-313
0.87,0.00,0.01,0.11,0.55,0.32,NA,NA,-314
0.88,0.00,0.01,0.11,0.55,0.33,NA,NA,-315
0.88,0.00,0.01,0.11,0.55,0.33,NA,NA,-316
0.88,0.00,0.01,0.11,0.55,0.33,NA,NA,-317
0.88,0.00,0.01,0.11,0.55,0.33,NA,NA,-318
0.88,0.00,0.01,0.11,0.55,0.33,NA,NA,-319
0.88,0.00,0.01,0.11,0.55,0.34,NA,NA,-320
0.89,0.00,0.01,0.10,0.55,0.34,NA,NA,-321
0.89,0.00,0.01,0.10,0.55,0.34,NA,NA,-322
0.89,0.00,0.01,0.10,0.55,0.34,NA,NA,-323
0.89,0.00,0.01,0.10,0.55,0.34,NA,NA,-324
0.89,0.00,0.01,0.10,0.55,0.35,NA,NA,-325
0.89,0.00,0.01,0.10,0.55,0.35,NA,NA,-326
0.90,0.00,0.01,0.10,0.55,0.35,NA,NA,-327
0.90,0.00,0.01,0.09,0.55,0.35,NA,NA,-328
0.90,0.00,0.01,0.09,0.55,0.35,NA,NA,-329
0.90,0.00,0.01,0.09,0.54,0.36,NA,NA,-330
0.90,0.00,0.01,0.09,0.54,0.36,NA,NA,-331
0.90,0.00,0.01,0.09,0.54,0.36,NA,NA,-332
0.90,0.00,0.01,0.09,0.54,0.36,NA,NA,-333
0.91,0.00,0.01,0.09,0.55,0.36,NA,NA,-334
0.91,0.00,0.01,0.09,0.55,0.36,NA,NA,-335
0.91,0.00,0.01,0.08,0.54,0.37,NA,NA,-336
0.91,0.00,0.01,0.08,0.54,0.37,NA,NA,-337
0.91,0.00,0.01,0.08,0.54,0.37,NA,NA,-338
0.91,0.00,0.01,0.08,0.54,0.37,NA,NA,-339
0.91,0.00,0.01,0.08,0.54,0.38,NA,NA,-340
0.91,0.00,0.01,0.08,0.54,0.38,NA,NA,-341
0.91,0.00,0.01,0.08,0.54,0.38,NA,NA,-342
0.92,0.00,0.01,0.08,0.54,0.38,NA,NA,-343
0.92,0.00,0.01,0.08,0.54,0.38,NA,NA,-344
0.92,0.00,0.01,0.07,0.54,0.39,NA,NA,-345
0.92,0.00,0.01,0.07,0.54,0.39,NA,NA,-346
0.92,0.00,0.01,0.07,0.53,0.39,NA,NA,-347
0.92,0.00,0.01,0.07,0.53,0.39,NA,NA,-348
0.93,0.00,0.01,0.07,0.53,0.39,NA,NA,-349
0.93,0.00,0.01,0.07,0.53,0.39,NA,NA,-350
0.93,0.00,0.01,0.07,0.53,0.40,NA,NA,-351
0.93,0.00,0.01,0.07,0.53,0.40,NA,NA,-352
0.93,0.00,0.01,0.06,0.53,0.40,NA,NA,-353
0.93,0.00,0.01,0.06,0.53,0.40,NA,NA,-354
0.93,0.00,0.01,0.06,0.53,0.40,NA,NA,-355
0.93,0.00,0.01,0.06,0.53,0.41,NA,NA,-356
0.93,0.00,0.01,0.06,0.53,0.41,NA,NA,-357
0.93,0.00,0.01,0.06,0.52,0.41,NA,NA,-358
0.94,0.00,0.01,0.06,0.52,0.41,NA,NA,-359
0.94,0.00,0.01,0.06,0.52,0.42,NA,NA,-360
0.94,0.00,0.00,0.06,0.52,0.42,NA,NA,-361
0.94,0.00,0.00,0.06,0.52,0.42,NA,NA,-362
0.94,0.00,0.00,0.06,0.52,0.42,NA,NA,-363
0.94,0.00,0.00,0.06,0.52,0.43,NA,NA,-364
0.94,0.00,0.00,0.06,0.52,0.43,NA,NA,-365
0.94,0.00,0.00,0.05,0.51,0.43,NA,NA,-366
0.94,0.00,0.00,0.06,0.51,0.43,NA,NA,-367
0.94,0.00,0.00,0.05,0.51,0.43,NA,NA,-368
0.94,0.00,0.00,0.05,0.51,0.44,NA,NA,-369
0.95,0.00,0.00,0.05,0.51,0.44,NA,NA,-370
0.95,0.00,0.00,0.05,0.50,0.45,NA,NA,-371
0.95,0.00,0.00,0.05,0.50,0.45,NA,NA,-372
0.95,0.00,0.00,0.05,0.50,0.45,NA,NA,-373
0.95,0.00,0.00,0.05,0.50,0.45,NA,NA,-374
0.95,0.00,0.00,0.05,0.49,0.46,NA,NA,-375
0.95,0.00,0.00,0.05,0.49,0.46,NA,NA,-376
0.95,0.00,0.00,0.05,0.49,0.46,NA,NA,-377
0.95,0.00,0.00,0.05,0.49,0.47,NA,NA,-378
0.95,0.00,0.00,0.05,0.49,0.47,NA,NA,-379
0.95,0.00,0.00,0.04,0.49,0.47,NA,NA,-380
0.96,0.00,0.00,0.04,0.48,0.47,NA,NA,-381
0.96,0.00,0.00,0.04,0.48,0.47,NA,NA,-382
0.96,0.00,0.00,0.04,0.48,0.48,NA,NA,-383
0.96,0.00,0.00,0.04,0.48,0.48,NA,NA,-384
0.96,0.00,0.00,0.04,0.48,0.48,NA,NA,-385
0.96,0.00,0.00,0.04,0.48,0.48,NA,NA,-386
0.96,0.00,0.00,0.04,0.48,0.48,NA,NA,-387
0.96,0.00,0.00,0.04,0.48,0.48,NA,NA,-388
0.96,0.00,0.00,0.04,0.48,0.49,NA,NA,-389
0.96,0.00,0.00,0.04,0.47,0.49,NA,NA,-390
0.96,0.00,0.00,0.04,0.47,0.49,NA,NA,-391
0.96,0.00,0.00,0.04,0.47,0.50,NA,NA,-392
0.96,0.00,0.00,0.03,0.47,0.50,NA,NA,-393
0.97,0.00,0.00,0.03,0.47,0.50,NA,NA,-394
0.97,0.00,0.00,0.03,0.46,0.50,NA,NA,-395
0.97,0.00,0.00,0.03,0.46,0.50,NA,NA,-396
0.97,0.00,0.00,0.03,0.46,0.51,NA,NA,-397
0.97,0.00,0.00,0.03,0.46,0.51,NA,NA,-398
0.97,0.00,0.00,0.03,0.45,0.51,NA,NA,-399
0.97,0.00,0.00,0.03,0.45,0.52,NA,NA,-400
0.97,0.00,0.00,0.03,0.45,0.52,NA,NA,-401
0.97,0.00,0.00,0.03,0.45,0.52,NA,NA,-402
0.97,0.00,0.00,0.03,0.45,0.52,NA,NA,-403
0.97,0.00,0.00,0.03,0.45,0.53,NA,NA,-404
0.97,0.00,0.00,0.03,0.45,0.53,NA,NA,-405
0.97,0.00,0.00,0.03,0.45,0.53,NA,NA,-406
0.98,0.00,0.00,0.02,0.44,0.53,NA,NA,-407
0.98,0.00,0.00,0.02,0.44,0.53,NA,NA,-408
0.98,0.00,0.00,0.02,0.44,0.54,NA,NA,-409
0.98,0.00,0.00,0.02,0.44,0.54,NA,NA,-410
0.98,0.00,0.00,0.02,0.43,0.54,NA,NA,-411
0.98,0.00,0.00,0.02,0.43,0.55,NA,NA,-412
0.98,0.00,0.00,0.02,0.43,0.55,NA,NA,-413
0.98,0.00,0.00,0.02,0.43,0.55,NA,NA,-414
0.98,0.00,0.00,0.02,0.42,0.55,NA,NA,-415
0.98,0.00,0.00,0.02,0.42,0.56,NA,NA,-416
0.98,0.00,0.00,0.02,0.42,0.56,NA,NA,-417
0.98,0.00,0.00,0.02,0.42,0.56,NA,NA,-418
0.98,0.00,0.00,0.02,0.42,0.56,NA,NA,-419
0.98,0.00,0.00,0.02,0.42,0.56,NA,NA,-420
0.98,0.00,0.00,0.02,0.42,0.57,NA,NA,-421
0.98,0.00,0.00,0.02,0.41,0.57,NA,NA,-422
0.98,0.00,0.00,0.02,0.41,0.57,NA,NA,-423
0.98,0.00,0.00,0.02,0.41,0.57,NA,NA,-424
0.98,0.00,0.00,0.02,0.41,0.57,NA,NA,-425
0.98,0.00,0.00,0.02,0.41,0.58,NA,NA,-426
0.98,0.00,0.00,0.02,0.40,0.58,NA,NA,-427
0.98,0.00,0.00,0.02,0.40,0.58,NA,NA,-428
0.98,0.00,0.00,0.02,0.40,0.58,NA,NA,-429
0.98,0.00,0.00,0.02,0.40,0.59,NA,NA,-430
0.98,0.00,0.00,0.02,0.40,0.59,NA,NA,-431
0.98,0.00,0.00,0.02,0.39,0.59,NA,NA,-432
0.98,0.00,0.00,0.02,0.39,0.59,NA,NA,-433
0.99,0.00,0.00,0.01,0.39,0.59,NA,NA,-434
0.99,0.00,0.00,0.01,0.39,0.60,NA,NA,-435
0.99,0.00,0.00,0.01,0.39,0.60,NA,NA,-436
0.99,0.00,0.00,0.01,0.38,0.60,NA,NA,-437
0.99,0.00,0.00,0.01,0.38,0.61,NA,NA,-438
0.99,0.00,0.00,0.01,0.38,0.61,NA,NA,-439
0.99,0.00,0.00,0.01,0.38,0.61,NA,NA,-440
0.99,0.00,0.00,0.01,0.37,0.61,NA,NA,-441
0.99,0.00,0.00,0.01,0.37,0.62,NA,NA,-442
0.99,0.00,0.00,0.01,0.37,0.62,NA,NA,-443
0.99,0.00,0.00,0.01,0.37,0.62,NA,NA,-444
0.99,0.00,0.00,0.01,0.37,0.62,NA,NA,-445
0.99,0.00,0.00,0.01,0.36,0.62,NA,NA,-446
0.99,0.00,0.00,0.01,0.36,0.63,NA,NA,-447
0.99,0.00,0.00,0.01,0.36,0.63,NA,NA,-448
0.99,0.00,0.00,0.01,0.36,0.63,NA,NA,-449
0.99,0.00,0.00,0.01,0.35,0.64,NA,NA,-450
0.99,0.00,0.00,0.01,0.35,0.64,NA,NA,-451
0.99,0.00,0.00,0.01,0.35,0.64,NA,NA,-452
0.99,0.00,0.00,0.01,0.35,0.64,NA,NA,-453
0.99,0.00,0.00,0.01,0.35,0.64,NA,NA,-454
0.99,0.00,0.00,0.01,0.35,0.64,NA,NA,-455
0.99,0.00,0.00,0.01,0.34,0.65,NA,NA,-456
0.99,0.00,0.00,0.01,0.34,0.65,NA,NA,-457
0.99,0.00,0.00,0.01,0.34,0.65,NA,NA,-458
0.99,0.00,0.00,0.01,0.34,0.65,NA,NA,-459
0.99,0.00,0.00,0.01,0.34,0.65,NA,NA,-460
0.99,0.00,0.00,0.01,0.34,0.65,NA,NA,-461
0.99,0.00,0.00,0.01,0.34,0.66,NA,NA,-462
0.99,0.00,0.00,0.01,0.33,0.66,NA,NA,-463
0.99,0.00,0.00,0.01,0.33,0.66,NA,NA,-464
0.99,0.00,0.00,0.01,0.33,0.66,NA,NA,-465
0.99,0.00,0.00,0.01,0.33,0.66,NA,NA,-466
0.99,0.00,0.00,0.01,0.33,0.67,NA,NA,-467
0.99,0.00,0.00,0.01,0.32,0.67,NA,NA,-468
0.99,0.00,0.00,0.01,0.32,0.67,NA,NA,-469
0.99,0.00,0.00,0.01,0.32,0.67,NA,NA,-470
0.99,0.00,0.00,0.01,0.32,0.68,NA,NA,-471
0.99,0.00,0.00,0.01,0.31,0.68,NA,NA,-472
0.99,0.00,0.00,0.01,0.31,0.68,NA,NA,-473
0.99,0.00,0.00,0.01,0.31,0.68,NA,NA,-474
0.99,0.00,0.00,0.01,0.31,0.69,NA,NA,-475
0.99,0.00,0.00,0.01,0.31,0.69,NA,NA,-476
0.99,0.00,0.00,0.01,0.31,0.69,NA,NA,-477
0.99,0.00,0.00,0.01,0.30,0.69,NA,NA,-478
0.99,0.00,0.00,0.01,0.30,0.69,NA,NA,-479
0.99,0.00,0.00,0.01,0.30,0.70,NA,NA,-480
1.00,0.00,0.00,0.01,0.30,0.70,NA,NA,-481
1.00,0.00,0.00,0.00,0.30,0.70,NA,NA,-482
1.00,0.00,0.00,0.00,0.30,0.70,NA,NA,-483
1.00,0.00,0.00,0.00,0.29,0.70,NA,NA,-484
1.00,0.00,0.00,0.00,0.29,0.70,NA,NA,-485
1.00,0.00,0.00,0.00,0.29,0.70,NA,NA,-486
1.00,0.00,0.00,0.00,0.29,0.71,NA,NA,-487
1.00,0.00,0.00,0.00,0.29,0.71,NA,NA,-488
1.00,0.00,0.00,0.00,0.29,0.71,NA,NA,-489
1.00,0.00,0.00,0.00,0.29,0.71,NA,NA,-490
1.00,0.00,0.00,0.00,0.28,0.71,NA,NA,-491
1.00,0.00,0.00,0.00,0.28,0.71,NA,NA,-492
1.00,0.00,0.00,0.00,0.28,0.72,NA,NA,-493
1.00,0.00,0.00,0.00,0.28,0.72,NA,NA,-494
1.00,0.00,0.00,0.00,0.28,0.72,NA,NA,-495
1.00,0.00,0.00,0.00,0.28,0.72,NA,NA,-496
1.00,0.00,0.00,0.00,0.27,0.72,NA,NA,-497
1.00,0.00,0.00,0.00,0.27,0.72,NA,NA,-498
1.00,0.00,0.00,0.00,0.27,0.73,NA,NA,-499
1.00,0.00,0.00,0.00,0.27,0.73,NA,NA,-500
